{
  "last_run_utc": "2026-06-11T22:37:16.258513+00:00",
  "mcclellan": {
    "ema19": 111.33333333333333,
    "ema39": 101.96296296296295
  }
}