{
  "last_run_utc": "2026-06-11T22:59:38.200052+00:00",
  "mcclellan": {
    "ema19": 128.2,
    "ema39": 110.8648148148148
  }
}