{
  "last_run_utc": "2026-06-11T21:58:34.620300+00:00",
  "mcclellan": {
    "ema19": 92.59259259259258,
    "ema39": 92.59259259259258
  }
}