{
  "last_run_utc": "2026-06-11T23:24:50.030236+00:00",
  "mcclellan": {
    "ema19": 143.38,
    "ema39": 119.32157407407406
  }
}